{
    "J1832-0836_CASPSR_40CM_efac": 1.0073561516481144,
    "J1832-0836_CASPSR_40CM_log10_equad": -7.8702972019233215,
    "J1832-0836_PDFB_10CM_efac": 1.0691290656558021,
    "J1832-0836_PDFB_10CM_log10_equad": -6.2326037554799,
    "J1832-0836_PDFB_20CM_efac": 0.9303722071099305,
    "J1832-0836_PDFB_20CM_log10_equad": -6.4649084767185006,
    "J1832-0836_PDFB_40CM_efac": 1.412265920170031,
    "J1832-0836_PDFB_40CM_log10_equad": -5.499517788619388,
    "J1832-0836_dm_gp_gamma": 2.8821236207177803,
    "J1832-0836_dm_gp_log10_A": -12.977197831472266,
    "J1832-0836_red_noise_gamma": 4.689976425885699,
    "J1832-0836_red_noise_log10_A": -13.909285117811088
}
